,,,,,,
,Id Num,Year,Decade,Speaker,Categorization,Text
,3,1853,1850,Parley P. Pratt,Contemporary,"world; and similar has been the fate of the poor Jew, the miserable Lamanite, and many others in the flesh. Between the commission and ministry of the"
,1,1855,1850,Wilford Woodruff,Contemporary,"own time and go to the kanyon and get a load of wood for these Lamanite squaws and will they do it? No, they will not. Is it"
,2,1855,1850,Joseph Young,Contemporary,"wind all up in a short time, but I have desired to have our Lamanite brethren brought to understanding, and come and be united with us in the covenant"
,4,1866,1860,Brigham Young,Contemporary,"Jesus Christ -- I forbid any elder or member in this church slaying an innocent Lamanite, any more than he would slay an innocent white man; but treat them"
,5,1872,1870,Orson Pratt,Historical,"the whole Nephite nation into that one region, and the Lamanites gathering the whole Lamanite nation into the same region of country. Many millions on both sides were here"
,6,1888,1880,Joseph E. Taylor,Samuel (Historical),"appeared to the Nephites upon this continent, quoted the prophecy of Samuel, the Lamanite, and showed that it had been fulfilled (3rd Nephi, 23:10)."
,10,1892,1890,Wilford Woodruff,Contemporary,". Seeing a portion of our gallery occupied by a quite a number of our Lamanite brethren and sisters, I feel disposed to make a few remarks. The first"
,8,1895,1890,George Q. Cannon,Samuel (Historical),"by the sign that had been predicted by the prophets, particularly by Samuel the Lamanite, concerning the birth of Christ. Whereas just before the birth of the Savior"
,9,1895,1890,Andrew Jenson,Samuel (Historical),"Verily, I say unto you, I commanded my servant, Samuel, the Lamanite, that he should testify unto this people that at the day when the Father"
,7,1898,1890,George Q. Cannon,Contemporary,"for country, rose up, led by a pure descendant of Lehi a pure Lamanite and overthrew the armies of Europe that were brought here to conquer the land and"
,13,1904,1900,B. H. Roberts,Contemporary,"for scattered Israel; it has a word of hope for the poor, wandering Lamanite, the fallen son of noble sires, the degenerate remnant of a once magnificent"
,11,1907,1900,Anthony W. Ivins,Historical,"interest to the Latter-day Saints from the fact that it is the home of the Lamanite, the land of the Nephite. There are millions of those people, the"
,12,1907,1900,Andrew Jenson,Samuel (Historical),"said, Verily I say unto you, I commanded my servant Samuel, the Lamanite, that he should testify unto this people, that at the day that the"
,20,1913,1910,Rey L. Pratt,Contemporary,"who live in the United States of America, and in Canada, but the Lamanite people extend from Alaska to Patagonia. They are the descendants of father Lehi,"
,21,1913,1910,Rey L. Pratt,Contemporary,"this morning, to go into a detailed description of all that has befallen the Lamanite races of America; it is sufficient to say that the Gentiles did go into"
,22,1913,1910,Rey L. Pratt,Contemporary,"to come into their lives to be asked my, permitted to go to the Lamanite people, but to regard it as a privilege. It is a glorious privilege"
,23,1913,1910,Rey L. Pratt,Contemporary,"mission has come back better in his soul for having come in contact with the Lamanite people. I want to life my voice in defense of that people, and"
,19,1914,1910,Seymour B. Young,Samuel (Historical),"have an account of a prophecy uttered on this continent, by Samuel, the Lamanite, who stated to those with whom he associated, a small number of people"
,18,1915,1910,Orrin P. Miller,Contemporary,", and the only human associate that they had, beside themselves, was the Lamanite or native Indian; and the howl of the coyote was heard on the plains"
,16,1917,1910,Andrew Jenson,Samuel (Historical),"said, "" Verily I say unto you I commanded my servant Samuel, the Lamanite, that he should testify unto this people, that at the day that the"
,17,1917,1910,Melvin J. Ballard,Contemporary,"ago, while laboring on the Indian reservation, in Northern Montana, among my Lamanite brethren and sisters, and we had some new problems, and calling upon the"
,14,1918,1910,James W. Lesueur,Contemporary,"He was released. We have in our stake a high councilor who is a Lamanite. We have an Indian who is a superintendent of Sunday schools, and a"
,15,1918,1910,James W. Lesueur,Contemporary,"are borne out by their traditions. I take great joy in laboring among these Lamanite brethren and sisters, and there are some ten or twelve thousand of them in"
,51,1920,1920,Seymour B. Young,Samuel (Historical),"a very direct account of the evidence of the birth of the Savior. The Lamanite prophet, Samuel, predicted that the time would come when there would be a"
,52,1920,1920,Seymour B. Young,Samuel (Historical),"enemies proclaimed to them that if the sign that was predicted by Samuel, the Lamanite prophet, was not immediately fulfilled that all those who believed in this prediction should"
,50,1921,1920,Andrew Jenson,Contemporary,"forth in great contrast to the activities of Jacob Hamblin and others who labored as Lamanite missionaries in the United States, who could only reach a few small tribes after"
,47,1922,1920,Melvin J. Ballard,Historical,"immoral and degenerate; you read what happened on this land of America when the Lamanite and the Nephites became degenerate. Kings will be murdered upon their thrones, bandsof"
,48,1922,1920,Rey L. Pratt,Contemporary,book. Reference has been made this morning to the fact that there is a Lamanite mission. I thank the Lord that I am identified with it. I thank
,49,1922,1920,Rey L. Pratt,Contemporary,"of the principles of the gospel and in the teaching of eternal truth to the Lamanite nation that live to the south of us, and still I come home to"
,41,1924,1920,Rey L. Pratt,Contemporary,the promises of the Lord made by his holy prophets concerning the redemption of the Lamanite people. My heart was touched yesterday by the recital of Brother Levi Edgar Young
,42,1924,1920,Rey L. Pratt,Contemporary,"And in that book is prophetically held out a hope for the redemption of the Lamanite people everywhere. We are laboring in a land beset by strife and turmoil,"
,43,1924,1920,Rey L. Pratt,Contemporary,"will, in his own due time and in his own way, redeem the Lamanite people. I delight to bring word to the fathers and mothers of the faithful"
,44,1924,1920,Andrew Jenson,Samuel (Historical),"one who lived later on. A prophet by the name of Samuel, a Lamanite, had predicted that when Christ should rise from the dead, some of the"
,45,1924,1920,Andrew Jenson,Samuel (Historical),": Verily I say. unto you, I commanded my servant Samuel, the Lamanite, that he should testify unto this people, that at the day that the"
,46,1924,1920,Rey L. Pratt,Contemporary,"likewise of Ephraim, for there is a sprinkling of that blood also in the Lamanite race that inhabits America to the south of us. We have heard that the"
,38,1925,1920,James W. Lesueur,Contemporary,"not hypocritical. When we asked them to sustain the bishopric, four of the Lamanite women voted against the bishopric. But when we asked them why, after the"
,39,1925,1920,Anthony W. Ivins,Samuel (Historical),"appear unto men in the flesh. "" At a later date Samuel, a Lamanite, prophesied to the Nephites that Christ would be born at a certain date,"
,40,1925,1920,Rey L. Pratt,Contemporary,"to more of our Father's children in the house of Israel, verily the Lamanite people, who reside upon this land of America; and my heart has been"
,32,1926,1920,Charles A. Callis,Contemporary,218232 President Heber J. Grant A Lamanite brother from Washakie will now speak to us. His remarks will be interpreted by
,33,1926,1920,Heber J. Grant,Contemporary,". We have 150 members of the Church in Washakie. I understand that this Lamanite brother said he would like the opportunity of saying a few words here, and"
,34,1926,1920,Heber J. Grant,Contemporary,"glad to have him do so. Brother Frank Warner, a brother of our Lamanite who is coming to the stand, filled a number of very fine missions among"
,35,1926,1920,Rudger Clawson,Contemporary,"years ago; nevertheless, they have some representatives still upon the earth. The Lamanite who stood hre this morning and bore his testimony, and a very wonderful testimony"
,36,1926,1920,Rudger Clawson,Contemporary,"men are called Lamanites, otherwise known as American Indians. So we had a Lamanite here to speak to us this morning, and he bore a faithful testimony."
,37,1926,1920,Rey L. Pratt,Contemporary,"against them in a degree. My contact with them, in association with the Lamanite people in Mexico, made me so. They were the conquerors of the people"
,27,1927,1920,Rey L. Pratt,Contemporary,"be a revelation to some of you to know that there are great communities of Lamanite people of Mexican nationality, residing in the large cities of the south and southwestern"
,28,1927,1920,Rey L. Pratt,Contemporary,"I stand before you this afternoon, I make a plea for tolerance for the Lamanite people; they are our Father's covenant children. I have learned it more"
,29,1927,1920,Rey L. Pratt,Contemporary,"and you need not fear for them even among the people of Mexico or the Lamanite people. There are underlying reasons why they fight, and I want to tell"
,30,1927,1920,Charles A. Callis,Historical,"mothers have the same devotion, and give the same counsel as did those noble Lamanite mothers. Today our elders go forth to encounter dangers that are more fatal,"
,31,1927,1920,Richard R. Lyman,Samuel (Historical),"38th verse, a few verse, a few words spoken by Samuel, the Lamanite prophet, as he stood upon the walls of the city of Zarahemla: """
,25,1928,1920,Anthony W. Ivins,Contemporary,with the people whose ancestors wrote it. I bear you my witness that the Lamanite people are of Israel. I bear you my witness that they re descendants of
,26,1928,1920,Elias S. Woodruff,Contemporary,"very unusual thing, and for it I have no explanation. A woman with Lamanite blood in her veins became interested in the elders and their message. She purchased"
,24,1929,1920,Rey L. Pratt,Contemporary,"branch of the house of Israel with which we are laboring, namely, the Lamanite people, who are descendants of Joseph and who have resided upon this land of"
,59,1930,1930,Rey L. Pratt,Contemporary,"that in the year of its organization the matter of preaching the Gospel to the Lamanite people occupied, with great concern, the minds of the leaders of the Church"
,60,1930,1930,Rey L. Pratt,Contemporary,"of the everlasting Gospel have struck deep in the soil of the hearts of the Lamanite people of Mexico. I feel sure that, come what may, there is"
,58,1931,1930,Rey L. Pratt,Contemporary,"nations of the earth, and I am particularly happy to be laboring among the Lamanite people. I rejoice to bring to you greetings from them, particularly from our"
,57,1934,1930,Harold W. Pratt,Contemporary,"heritage. My grandfather was a member of the first party of missionaries to the Lamanite people. My father, in company with President Ivins, was a member of"
,53,1936,1930,Orlando C. Williams,Historical,"George Albert Smith in speaking of the Book of Mormon and the promises of the Lamanite people therein contained, reminded me of the fact that my assignment is to this"
,54,1936,1930,Orlando C. Williams,Contemporary,"earth. "" I am wondering if this has any significance when applied to the Lamanite race. I believe that it has. They are humble; they are meek"
,55,1936,1930,Orlando C. Williams,Contemporary,"diligent and obedient people upon the face of the earth than are these Mexican or Lamanite people, because they strive earnestly day and night to keep the commandments of the"
,56,1936,1930,Orlando C. Williams,Contemporary,"fact that although some missionaries from distant points, who are not acquainted with the Lamanite people, feel that they would rather go to some other mission, they feel"
,81,1941,1940,Legrand Richards,Historical,boys into the service of their country with the faith and testimony the two thousand Lamanite boys had in the time of Helaman of old when they went forth to battle
,77,1943,1940,George Albert Smith,Historical,"those who are seeking to destroy the liberty that mankind is enjoying. FAITH OF LAMANITE YOUTHS I am thinking of the experience of the Nephites, when they were having"
,78,1943,1940,Samuel O. Bennion,Samuel (Historical),"the time of the Messiah's coming should be -- that event which Samuel the Lamanite had predicted should take place, and he was crying unto the Lord in mighty"
,79,1943,1940,Clifford E. Young,Contemporary,it was my good fortune to meet with a little group of some of the Lamanite brethren who live down there and who are being directed by President Ralph Evans --
,80,1943,1940,Clifford E. Young,Contemporary,"with a little pressure cooker that has been provided for her, and among the Lamanite women she teaches them how to can their vegetables and their fruit, and how"
,74,1947,1940,Spencer W. Kimball,Contemporary,"crowded, and we pushed southward, this time making war on Mexico, a Lamanite country. Again we used might, and subdued and took from the original Lehite"
,75,1947,1940,Spencer W. Kimball,Contemporary,and increasing and that we are on the dawn of a great day for the Lamanite people. Visiting the Mexican Mission in May I found of the seventy- one missionaries
,76,1947,1940,Spencer W. Kimball,Contemporary,"world, and there are twenty times as many converts for each missionary in the Lamanite missions as in some of the missions in Canada and the United States. STORY"
,73,1948,1940,Stephen L Richards,Contemporary,"of the Church, that our South American missions do substantially no work among the Lamanite people, and so far as I know, we have no Indian members of"
,61,1949,1940,Milton R. Hunter,Samuel (Historical),"to him. As he read that record, he asked them if Samuel the Lamanite had not prophesied that when Christ was resurrected the graves of the ancient saints would"
,62,1949,1940,Spencer W. Kimball,Historical,""" A nation was born in a day when Ammon and his brethren converted the Lamanite king, Lamoni, and also his father, the chief king, whose entire"
,63,1949,1940,Spencer W. Kimball,Historical,"as an evidence of the love their Father in heaven had for them. The Lamanite king, Lamoni, saw his Redeemer, so near to perfection did his life"
,64,1949,1940,Spencer W. Kimball,Samuel (Historical),"commandments of God... "" Visualize, if you can, this despised Lamanite standing on the walls of Zarahemla and while arrows and stones were shot at him"
,65,1949,1940,Spencer W. Kimball,Historical,groups of children of all time have been so honored and blessed as were those Lamanite and Nephite little ones who were taken into the arms of our Redeemer and blessed
,66,1949,1940,Spencer W. Kimball,Historical,"teach us much. Their faith and strength was transmitted to their children. These Lamanite women spent little of their time in social life and worldliness, but devoted themselves"
,67,1949,1940,Spencer W. Kimball,Historical,", but their faith was justified and they all lived to return to their sweet Lamanite mothers who praised God for the miracle. The teaching in these God-fearing homes was"
,68,1949,1940,Spencer W. Kimball,Contemporary,"has made lavish promises. Today is the brighter day -- the day of the Lamanite, and we must be the Good Samaritan, and through us with our love"
,69,1949,1940,Ernest C. Rossiter,Contemporary,"the people among whom I have labored some nine years, that is, the Lamanite people in the South Seas, in the Society Islands, Tahiti and the various"
,70,1949,1940,David O. McKay,Historical,"did not, destruction would follow. Then we have that marvelous record of 2,060 Lamanite boys -- just boys -- who joined the army of the Nephites in order to"
,71,1949,1940,Spencer W. Kimball,Contemporary,"him. WORK AMONG LAMANITES I had thought of saying something about the Indian or Lamanite program at this conference, but I have been "" pressed by the spirit,"
,72,1949,1940,Thorpe B. Isaacson,Historical,"receiving his instructions from the Angel Moroni, and other scenes of the Nephite and Lamanite people, the story of the Book of Mormon, and the great message of"
,119,1950,1950,Spencer W. Kimball,Contemporary,". PRAYERS FOR LAMANITES I was glad that President Beckstead mentioned in his prayer the Lamanite program. I thought, as he was praying, "" Wouldn't it be"
,120,1950,1950,Spencer W. Kimball,Contemporary,"fail our opportunity, I am sure the Lord will not easily forgive us. LAMANITE MEMBERSHIP You will be interested to know that there are some forty thousand Lamanite members"
,121,1950,1950,Spencer W. Kimball,Contemporary,". LAMANITE MEMBERSHIP You will be interested to know that there are some forty thousand Lamanite members of the Church in the world, including the islands of the sea."
,122,1950,1950,Spencer W. Kimball,Contemporary,"the world, including the islands of the sea. There are probably ten thousand Lamanite members in North America in the Mexican missions and the Indian mission. There are"
,123,1950,1950,Spencer W. Kimball,Contemporary,"in North America in the Mexican missions and the Indian mission. There are 902 Lamanite members in the English-speaking missions in the Eastern, Northern, Central States, and"
,124,1950,1950,Spencer W. Kimball,Contemporary,baptized 1823 Lamanites in the last two-and-a-half years in the three missions that specialize in Lamanite proselyting in North America. We have baptized 480 Indians down in the little Indian
,125,1950,1950,Spencer W. Kimball,Contemporary,"they soon come into the Church at their own request. We have about fifty-one Lamanite missionaries in the mission field now, and they will be increasing very rapidly,"
,126,1950,1950,Spencer W. Kimball,Contemporary,"the Church. Brother (E. Wesley) Smith told us yesterday there were ten Lamanite missionaries from Hawaii who were over in the Orient, I believe. EARLY BRETHREN"
,127,1950,1950,Spencer W. Kimball,Contemporary,"section thirty-two of the Doctrine and Covenants, the Lord Jesus Christ says of those Lamanite missionaries:... and I, myself, will go with them,"
,128,1950,1950,Spencer W. Kimball,Contemporary,"in these respects as we would and do treat our white brethren. HISTORY OF LAMANITE WORK Brigham Young put this into practice, the proclaiming the gospel to the Lamanites"
,129,1950,1950,Spencer W. Kimball,Contemporary,"the knowledge of God, as they once had. May the Lord bless the Lamanite people, and bless us that we many realize our responsibilities toward them. This"
,130,1950,1950,George Albert Smith,Samuel (Historical),"been looking for the time when the Savior should come, for Samuel, the Lamanite prophet, had told them about it and all that would occur. They were"
,108,1953,1950,Spencer W. Kimball,Contemporary,"that work, the minority program, and of the minority program, particularly the Lamanite phase. The Lamanite is the forgotten man, and though there has been much"
,109,1953,1950,Spencer W. Kimball,Contemporary,"minority program, and of the minority program, particularly the Lamanite phase. The Lamanite is the forgotten man, and though there has been much progress and though there"
,110,1953,1950,Spencer W. Kimball,Contemporary,"to a limited degree, and we hope that it will continue. There are Lamanite wards and branches in many parts of the Church. In the islands of the"
,111,1953,1950,Spencer W. Kimball,Contemporary,"the records of the Church. We have in the El Paso Third Ward a Lamanite bishop, a high priest in the Church, and you should have seen the"
,112,1953,1950,Spencer W. Kimball,Contemporary,districts in the organization and teaching of their people. These branch presidencies and these Lamanite bishops are interviewing people as to their worthiness and they have the power to withhold
,113,1953,1950,Spencer W. Kimball,Contemporary,"to give temple blessings and other Church privileges to their members. All through the Lamanite world we have leaders, and they are emerging now with greater strength and power"
,114,1953,1950,Spencer W. Kimball,Contemporary,work is going forward. It would do your heart good to see numbers of Lamanite brothers and sisters sealed in the temple. Seventeen couples in San Antonio alone have
,115,1953,1950,Spencer W. Kimball,Contemporary,"shunning them as many do. The Indian converts are firm and steadfast. One Lamanite sister was in a group of women sitting together, and something came up about"
,116,1953,1950,Spencer W. Kimball,Contemporary,"her go to Mormon Church. Answer soon. Please. The Lord bless the Lamanite people. They are a great people. They are intelligent, and I repeat"
,117,1953,1950,Spencer W. Kimball,Contemporary,"of the blessings which are promised to them. I pray with one of our Lamanite sisters, who pleaded, "" Heavenly Father, please bless the missionaries, that"
,118,1953,1950,George Q. Morris,Contemporary,"morning. I have been very much interested in Brother Kimball's references to the Lamanite people, and I recall a beautiful scene up on the borders of the Dominion"
,100,1954,1950,Spencer W. Kimball,Contemporary,"the term buck and squaw and substitute "" Indian men and women "" or "" Lamanite brethren and sisters. "" Their ancestors and ancient prophets foresaw this day and this"
,101,1954,1950,Spencer W. Kimball,Historical,"any scriptures, my critic, which would show that the Christ would exclude the Lamanite Israelites from the waters of baptism, from the priesthood, from the pulpit,"
,102,1954,1950,Spencer W. Kimball,Samuel (Historical),".) In the days immediately preceding the coming of the Lord, even the Lamanite Prophet Samuel felt the sting and smart of the caustic discriminations when he said:"
,103,1954,1950,Spencer W. Kimball,Samuel (Historical),"of the caustic discriminations when he said: And now, because I am a Lamanite, and have spoken unto you the words which the Lord commanded me, and"
,104,1954,1950,Spencer W. Kimball,Contemporary,"opened to them toward immortality and eternal life. Here he has the Indian or Lamanite, with a background of twenty-five centuries of superstition, degradation, idolatry, and"
,105,1954,1950,Spencer W. Kimball,Historical,you who sneer: Are you better mothers than those of the Ammonites? Those Lamanite women trained their sons in faith to the extent that they fought many battles and
,106,1954,1950,Spencer W. Kimball,Samuel (Historical),"Jacob, Alma, Amulek, Ammon, and finally the prophet, Samuel the Lamanite, all prophesying as to the coming of the Savior of the world to them"
,107,1954,1950,Milton R. Hunter,Historical,"it is a book containing over two hundred pages. It might be termed the Lamanite account of their history and religion, as the Book of Mormon is the Nephite"
,94,1956,1950,Delbert L. Stapley,Contemporary,"sisters, today I should like to represent another voice speaking in behalf of the Lamanite people and the Church's responsibility to them, with the hope we shall all"
,95,1956,1950,Delbert L. Stapley,Contemporary,with the hope we shall all be encouraged more fully to support and carry the Lamanite banner until these people of chosen lineage realize every privilege and blessing promised to them
,96,1956,1950,Delbert L. Stapley,Contemporary,"to his Church with that important record the responsibility of taking to the Indian and Lamanite people the knowledge of their forefathers and the fulness of the gospel, which record"
,97,1956,1950,Delbert L. Stapley,Contemporary,"between them and the Saints. President John Taylor was greatly concerned about an active Lamanite program, for he declared: The work of the Lord among the Lamanites must"
,98,1956,1950,Delbert L. Stapley,Contemporary,who have given and are giving such faithful and devoted service to the peoples of Lamanite origin. I pray that the choice blessings of our Heavenly Father will be upon
,99,1956,1950,Spencer W. Kimball,Contemporary,"BELOVED brothers and sisters, I should like to speak to you today about our Lamanite brothers. I quote from Nephite prophets:.... thus saith our"
,91,1958,1950,John Longden,Contemporary,"work. As I toured the Southwest Indian Mission last fall, I met a Lamanite brother. I learned he was eighty-four years of age. A few years ago"
,92,1958,1950,Joseph L. Wirthlin,Historical,coming of Lehi and his sons and in the establishment of both the Nephite and Lamanite nations and that Jesus Christ the Son of God actually appeared upon the American continent
,93,1958,1950,David O. McKay,Contemporary,"various wards; Spanish-American Branch, formed from various wards. Santa Rosa Stake: Lamanite Branch, formed by division of Healdsburg and Sebastopol Branches. Sevier Stake: Yoomeenchoopeets"
,82,1959,1950,Milton R. Hunter,Contemporary,in the life of a certain Cakchiquel Maya man named Daniel Mich. This good Lamanite or Indian had joined the Church not long before our arrival in Guatemala. After
,83,1959,1950,Milton R. Hunter,Contemporary,"him, I could understand why the Lord loved this humble intelligent, and spiritual-minded Lamanite enough to give him the marvelous experiences of which I have told you. I"
,84,1959,1950,Milton R. Hunter,Contemporary,"of the towns in the Chimaltenango district. I am convinced that God loves the Lamanite people. Now, brothers and sisters, I want to bear my testimony."
,85,1959,1950,Spencer W. Kimball,Contemporary,"blood from Mulek, son of Zedekiah, king of Judah. The name "" Lamanite "" distinguishes you from other peoples. It is not a name of derision or"
,86,1959,1950,Spencer W. Kimball,Contemporary,", Nephis, and Jacobs; your Almas, Abinadis, and Mormons. Your Lamanite prophet, Samuel, who prophesied of the Christ, had few peers and perhaps"
,87,1959,1950,Spencer W. Kimball,Contemporary,"disciples apart to carry on his Church, then ascended into heaven again. Your Lamanite ancestors were not more rebellious than their Israelitish forebears, but their way of life"
,88,1959,1950,Spencer W. Kimball,Contemporary,"to you and your children. You heard today of the organization of the first Lamanite mission in the southern hemisphere -- the Andes Mission. Your record, the Book"
,89,1959,1950,Spencer W. Kimball,Contemporary,"people; and the earth will be renewed and receive its paradisiacal glory. My Lamanite brothers and sisters, we love you. Our bringing the gospel to you is"
,90,1959,1950,Ralph J. Hill,Contemporary,to by the Priesthood. I guess we have all heard the story of the Lamanite bishop in Southern Utah who complained that there is too much 100 percent and not
,158,1960,1960,Milton R. Hunter,Samuel (Historical),": "" Verily I say unto you, I commanded my servant Samuel, the Lamanite, that he should testify unto his people, that at the day that the"
,159,1960,1960,Spencer W. Kimball,Contemporary,"in missionary work with each white boy, and this will happen in the other Lamanite missions, I am sure. The day of the Lamanites is nigh. For"
,160,1960,1960,Spencer W. Kimball,Contemporary,"white and delightsome, as they were promised. In this picture of the twenty Lamanite missionaries, fifteen of the twenty were as light as AngIos; five were darker"
,161,1960,1960,Spencer W. Kimball,Contemporary,moving the injured; they are taught to speak and to sing. Three lovely Lamanite sisters sang a trio in one of our meetings. Two elders in one area
,152,1961,1960,Milton R. Hunter,Samuel (Historical),"he did among them. Five years before the birth of Christ, Samuel the Lamanite stood upon the walls of the city of Zarahemla and predicted the signs of the"
,153,1961,1960,Milton R. Hunter,Contemporary,"of Christ's death. For example, I would like to quote from a Lamanite, an Indian prince named Ixtlilxochitl, who lived near the city of Mexico and"
,154,1961,1960,Milton R. Hunter,Historical,"first days of the year. "" To me it is remarkable how accurate the Lamanite record was and how aptly it sustains the Book of Mormon. The Nephite historian"
,155,1961,1960,Milton R. Hunter,Contemporary,"his Heavenly Father. "" (Ibid., pp. 148-149.) Ixtlilxochitl, the Lamanite Mexican prince, wrote about the coming of Quetzalcoatl or Jesus Christ to the valley"
,156,1961,1960,Delbert L. Stapley,Samuel (Historical),"the years just preceding the birth of Christ into the world. Samuel, the Lamanite prophet, prophesied to the Nephites of the approaching birth of Jesus Christ, our"
,157,1961,1960,David O. McKay,Contemporary,"Longview Ward of Shreveport Stake. Kanab Stake: Kaibab Branch, formed for the Lamanite people of this area. Lost River Stake: Howe Branch formed by division of"
,150,1962,1960,A. Theodore Tuttle,Contemporary,". The people are a mixture of many nations, mainly Europeans mixed with the Lamanite, who was indigenous to this land. Half of the 120 millions of people"
,151,1962,1960,A. Theodore Tuttle,Contemporary,"early, and they go late. Many times I have seen women, particularly Lamanite women -- always with a baby strapped across their backs -- half trotting along the"
,149,1963,1960,Marion G. Romney,Samuel (Historical),. They killed the ancient prophets. They burned Abinadi. They stoned Samuel the Lamanite. They crucified the Lord himself. In our own day they martyred Joseph Smith
,148,1964,1960,N. Eldon Tanner,Samuel (Historical),"before Christ until the time of his coming many American prophets from Lehi to the Lamanite prophet Samuel had foretold that he would be born of a virgin, that he"
,139,1965,1960,A. Theodore Tuttle,Contemporary,"the greatest, rather than redeeming, has subjugated them. Our efforts among these Lamanite people in South America are just beginning, but hold great promise. They are"
,140,1965,1960,A. Theodore Tuttle,Contemporary,and the tools. They could provide the educational opportunities and other things that our Lamanite brethren so urgently need. But they can not supply the message of truth that
,141,1965,1960,A. Theodore Tuttle,Contemporary,Eph. 2:19) in the Church and kingdom of God. The day of the Lamanite is at hand. I bear witness that this is the work of the Lord
,142,1965,1960,Spencer W. Kimball,Contemporary,"are now standing forth to direct and inspire their people. The day of the Lamanite is come, and tomorrow will be even better. Waif from the Streets May"
,143,1965,1960,Spencer W. Kimball,Contemporary,"filled, the opening exercises finished, and the Sacrament in preparation. A little Lamanite ragamuffin entered from the street. His two shirts would scarcely make one, so"
,144,1965,1960,Spencer W. Kimball,Contemporary,"a great warm heart -- a heart sympathetic to waifs, and especially to little Lamanite ones. It seemed the little one had found a safe harbor from a stormy"
,145,1965,1960,Spencer W. Kimball,Contemporary,"little one relaxed in my arms, it seemed it was not a single little Lamanite I held. It was a nation, indeed a multitude of nations of deprived"
,146,1965,1960,Spencer W. Kimball,Contemporary,".' "" (3 Nephi 9:15, 18.) This day of the Lamanite brings opportunity. Millions farm the steep hillsides of Andean ranges and market their produce"
,147,1965,1960,Spencer W. Kimball,Contemporary,become nursing fathers and mothers (see Isa. 49:23 and Nephi 21:23) unto our Lamanite brethren and hasten the fulfillment of the great promises made to them I pray in
,138,1966,1960,Eldred G. Smith,Historical,"of the Nephites which was slain. "" (Al. 49:23.) The Lamanite leader "" was exceedingly wroth, and he did curse God and also Moroni,"
,134,1968,1960,John Longden,Contemporary,"and Indian missions. What a revealing experience it is to get to know our Lamanite brethren -- how they are growing in wisdom, experience, and spirituality. I"
,135,1968,1960,Delbert L. Stapley,Historical,"with all thy might. "" (Deut. 6:5.) King Lamoni addressed his Lamanite subjects and urged them not to take up arms against their brothers, saying:"
,136,1968,1960,Delbert L. Stapley,Historical,". "" (Jac. 3:1.) Ammon, a great missionary among the Lamanite people, was asked by the queen to look upon her husband, King Lamoni"
,137,1968,1960,Robert L. Simpson,Samuel (Historical),""" on the one hand, sorrow and tragedy on the other. As the Lamanite prophet Samuel declared, ""... for behold, ye are free;"
,131,1969,1960,Delbert L. Stapley,Historical,"righteousness can be achieved. Return to evil ways After this period of Nephite and Lamanite happiness and peace, they gradually fell again into evil ways, and Mormon,"
,132,1969,1960,N. Eldon Tanner,Historical,for the liberty of the Nephites. This small band went into battle against the Lamanite army and defeated them without a single casualty of their own. To find out
,133,1969,1960,N. Eldon Tanner,Samuel (Historical),"the American continent. We read in the Book of Mormon that, as the Lamanite prophet, Samuel, had predicted concerning the crucifixion and resurrection of Christ, there"
,186,1970,1970,Milton R. Hunter,Contemporary,"from documents inherited from his ancestors. Thus, the Works of Ixtlilxochitl constitutes a Lamanite version of the history of the ancient Americans, while the Book of Mormon represents"
,187,1970,1970,Marion G. Romney,Samuel (Historical),"them that they had not made record of the prophecy of his servant Samuel the Lamanite, to the effect that at the time of his resurrection "" many saints """
,182,1971,1970,Marvin J. Ashton,Contemporary,"A few days ago, I had the pleasurable assignment of visiting some of our Lamanite friends in Supai, at the base of the Grand Canyon, in Arizona."
,183,1971,1970,Wendell J. Ashton,Samuel (Historical),"from Joshua and the brother of Jared, from Samuel of Israel and Samuel the Lamanite, and from many others. The most powerful lessons, however, you will"
,184,1971,1970,John H. Anderson,Samuel (Historical),"the time of his death and crucifixion, as had been prophesied by Samuel the Lamanite, there was darkness upon this continent for three days while Christ's body lay"
,185,1971,1970,Spencer W. Kimball,Contemporary,"the Indian reservation. While most Navajo women seem to be prolific, this sweet Lamanite wife in their several years of marriage had not been blessed with children of her"
,181,1972,1970,Harold B. Lee,Contemporary,"love and fellowship that was in evidence in the great regional conference of our wonderful Lamanite Saints from Central America and Mexico, assembled in Mexico City in August. Over"
,180,1973,1970,Hartman Rector Jr,Historical,"the commandments with exactness and not just "" almost. "" The account of the Lamanite striplings in the Book of Mormon as mentioned by Elder Monson is an excellent illustration"
,176,1975,1970,Ezra Taft Benson,Historical,"instrument which God has given to the missionaries to convince the Jew and Gentile and Lamanite of the truthfulness of our message. Now, we have not been using the"
,177,1975,1970,George P. Lee,Contemporary,". I am proud of my rich heritage. To you my people, the Lamanite people, on Indian reservations and in the cities of our country and through the"
,178,1975,1970,George P. Lee,Contemporary,"Redeemer. We have a choice heritage. I want you to know, you Lamanite people, that Heavenly Father loves you. Jesus Christ, your Elder Brother,"
,179,1975,1970,James E. Faust,Contemporary,"them assembled in the Plaza de Armas in Cuzco, Peru, to hear the Lamanite Generation from Brigham Young University. Their day is coming soon. What does this"
,169,1976,1970,George P. Lee,Contemporary,see big nations side by side with small nations. I see American faces with Lamanite faces. I see German faces next to French faces. I see Mexicans next
,170,1976,1970,Robert E. Wells,Contemporary,"a father also on the other side of the veil; and to the Latin Lamanite people, a people of prophecy and a people of promise, among whom I"
,171,1976,1970,Spencer W. Kimball,Contemporary,not be used to advance the candidacy or policies of any of the candidates. Lamanite Work Our Lamanite work has been going forward. The American Indians and others of
,172,1976,1970,Spencer W. Kimball,Contemporary,"to advance the candidacy or policies of any of the candidates. Lamanite Work Our Lamanite work has been going forward. The American Indians and others of the Lamanites,"
,173,1976,1970,Spencer W. Kimball,Contemporary,"training. We are told that there are some thirty-six missions directed largely toward the Lamanite people. There are sixty stakes, with more being organized, which have large"
,174,1976,1970,Spencer W. Kimball,Contemporary,"people. There are sixty stakes, with more being organized, which have large Lamanite memberships. There was a recent count of Church members among those stakes and missions"
,175,1976,1970,Spencer W. Kimball,Contemporary,"students are receiving their degrees from Brigham Young University, probably the greatest benefactor of Lamanite students among all higher learning institutions. They may then go into teaching, surveying"
,168,1977,1970,W. Grant Bangerter,Contemporary,"missionaries. He has opened many new lands, ushered in the day of the Lamanite, called on the Saints to be true messengers of salvation, proclaimed with new"
,162,1979,1970,Spencer W. Kimball,Contemporary,quorums. It means collecting fast offerings. It means finding foster homes for our Lamanite brothers and sisters. It means giving of self. It means helping each other
,163,1979,1970,Spencer W. Kimball,Contemporary,. We know your participation requires love and a little extra to provide for these Lamanite youth. We also know that many blessings come to you and your family as
,164,1979,1970,Spencer W. Kimball,Contemporary,"The placement program was inspired of the Lord. We have watched many of our Lamanite youth become strong leaders in the Church, and many have taken their place as"
,165,1979,1970,Spencer W. Kimball,Contemporary,continue their work in this important and official program of the Church. Seek out Lamanite youth who will benefit from the program and help them blossom as the rose.
,166,1979,1970,Victor L. Brown,Contemporary,"family whose mother has been hospitalized, and a stake high councilor encouraging a beautiful Lamanite youth to stay with the placement program in spite of the many difficulties experienced during"
,167,1979,1970,Victor L. Brown,Contemporary,"how things are with me. "" This letter was written by the Wilsons' Lamanite foster daughter, Celia Red Horse, whom they had not heard from for several"
,201,1980,1980,Harold G. Hillam,Contemporary,"loving homes who are blessed with the opportunity to adopt a little infant, the Lamanite program, professional counseling, foster homes, and others. I was sure that"
,202,1980,1980,Gene R. Cook,Contemporary,"&C; 49:24). What a miracle to behold! Only in part of the Lamanite world, in Latin America alone, there are over 600,000 members of the Church"
,203,1980,1980,Gene R. Cook,Contemporary,"tongues to speak Spanish, Aymara, Quechua, and many other Indian dialects. Lamanite Saints accept in faith instructions to become self-sufficient when the vision of that concept in"
,204,1980,1980,Gene R. Cook,Contemporary,"truths of humility, meekness, teachableness. May I share another example? A Lamanite missionary baptizes eighteen souls in a matter of three weeks, where all last year"
,205,1980,1980,Gene R. Cook,Contemporary,Authorities will be served at her humble table. Today she is married to a Lamanite stake president with the prophetic statement fulfilled. Their lives emanate basic truths of kindness
,206,1980,1980,Spencer W. Kimball,Contemporary,"how much more can still be done. We are very much impressed by the Lamanite program, which is so very impressive to me, and we come to realize"
,198,1981,1980,Royden G. Derrick,Contemporary,"en route to Monterrey, Mexico, I sat next to an attractive Mexican of Lamanite extraction. During our conversation I learned that he had eight children. He was"
,199,1981,1980,Ezra Taft Benson,Historical,the most stirring success stories in scripture is told in the Book of Mormon of Lamanite women who taught their sons the gospel in the home. These two thousand young
,200,1981,1980,Marion G. Romney,Samuel (Historical),"in which he can act, almost to the vanishing point. Samuel, the Lamanite prophet, speaking to those who so persisted, said: "" In the days"
,197,1982,1980,Mark E. Petersen,Samuel (Historical),&C; 58:29.) One of the great prophets of ancient times was Samuel the Lamanite. I like the way he taught. He was plain and straightforward in his
,196,1983,1980,Ezra Taft Benson,Historical,name of Aaron -- one of the sons of Mosiah -- had come to the Lamanite nation to bring them the gospel. He proceeded to the king's home and
,193,1984,1980,Ezra Taft Benson,Historical,"recorded in scripture concerns the fourteen-year mission of the four sons of Mosiah to their Lamanite brethren. They brought thousands into the Church, the record tells us, which"
,194,1984,1980,Ezra Taft Benson,Historical,"their brethren in the Book of Mormon taught these same kinds of truths to the Lamanite people (see Alma 18:22-39), who were "" in the darkest abyss."
,195,1984,1980,Neal A. Maxwell,Samuel (Historical),"ancient Church leaders more carefully record the fulfillment of certain prophecies of Samuel, the Lamanite? (See 3 Ne. 23:9-14.) Belatedly, at Jesus' direction,"
,192,1985,1980,Dallin H. Oaks,Samuel (Historical),""" (Matt. 6:21.) Like other Book of Mormon prophets, Samuel the Lamanite warned the Nephites that they were cursed because of their riches, "" Because ye"
,191,1986,1980,Jack H Goaslind,Samuel (Historical),"nature of happiness. "" (Alma 41:11.) It also records Samuel the Lamanite's warning to the Nephites: "" Ye have sought all the days of your"
,189,1987,1980,Dallin H. Oaks,Contemporary,"a priesthood blessing. Apparently concerned that his sons might shed the blood of their Lamanite brothers, he first counseled them about the great promises God has made to this"
,190,1987,1980,Dean L. Larsen,Samuel (Historical),4:13). I am much more concerned about understanding the admonitions of Samuel the Lamanite as he stood on the walls of the city of Zarahemla and called the rebellious
,188,1988,1980,Howard W. Hunter,Samuel (Historical),"in the kingdom of God "" (2 Ne. 25:13). And Samuel the Lamanite prophesied to the Nephites: "" For behold, he surely must die that salvation"
,212,1991,1990,Dean L. Larsen,Historical,Nephite people were struggling to overcome the effects of a devastating civil strife and a Lamanite invasion. Not only had there been great loss of life; the destruction to
,213,1991,1990,H. Verlan Andersen,Historical,"for six hundred years prior to the advent of the Savior, the Nephite and Lamanite races had been almost constantly at war one with another. Although there were periods"
,214,1991,1990,H. Verlan Andersen,Historical,"salvation. Mormon, who wrote the account of the miracle among the Nephite and Lamanite children, wanted to give us more details of the event, but the Lord"
,215,1991,1990,H. Verlan Andersen,Historical,"children of today are as able to understand spiritual truths as were the Nephite and Lamanite children of yore, and in putting this belief into practice. Indeed, the"
,211,1995,1990,Ted E. Brewerton,Contemporary,"them by their own ancestors. President Spencer W. Kimball said: "" The converted Lamanite is devout. Few ever apostatize. Some lose their way as they partake of"
,207,1997,1990,Robert D. Hales,Historical,"Nephite missionary, provided an example for us. He had chosen to serve the Lamanite king and was sent to watch the flocks of Lamoni. When a band of"
,208,1997,1990,Sheldon F. Child,Historical,"touching example of this. Ammon and his brethren spent 14 years preaching to the Lamanite people. Thousands were brought to the knowledge of the truth, and those who"
,209,1997,1990,Virginia U. Jensen,Historical,"and eventually towers to overlook the pickets. So effective is his strategy that the Lamanite armies are astonished and rendered powerless, even though they greatly outnumber the Nephites."
,210,1997,1990,Virginia U. Jensen,Historical,"greatly outnumber the Nephites. The Nephites are safe within their cities and repel the Lamanite attacks. While his enemies gained power through fraud and deceit, Moroni empowered the"
,224,2000,2000,Mary Ellen Smoot,Historical,whisperings of the Holy Ghost. Ammon was able to perceive the thoughts of the Lamanite king because he was living close to the Lord (see Alma 18:16).
,222,2002,2000,Robert R. Steuer,Historical,"we can focus on heavenly counsel and instruction. Lamoni's father, the powerful Lamanite king, made just that change in focus, even prostrating himself to the earth"
,223,2002,2000,M. Russell Ballard,Historical,"tells how these young men fought valiantly against the much older and much more experienced Lamanite army. According to their leader, Helaman, "" They... fought"
,220,2004,2000,Robert D. Hales,Samuel (Historical),"had faith in the coming of our Savior? In ancient America, Samuel the Lamanite prophesied that on the night of the Savior's birth "" there would be great"
,221,2004,2000,Richard J. Maynes,Historical,). The government teetered on the brink of collapse. The war with the Lamanite nation had been ongoing for years. Nephite dissidents were leaving to join forces with
,219,2006,2000,Don R. Clarke,Historical,"to church, or help someone in need. In their pursuit to help their Lamanite brothers, the sons of Mosiah also learned the importance of fasting and prayer:"
,217,2007,2000,Vicki F. Matsumori,Historical,"Scriptures Aaron, who was a great missionary, used the scriptures to teach the Lamanite king and the people of Ammon about faith and repentance and about Jesus Christ and"
,218,2007,2000,Vicki F. Matsumori,Historical,is our Savior. Prayer Prayer is another means to build faith. When the Lamanite king wanted to know what he should do in order to receive the joy of
,216,2009,2000,Michael T. Ringwood,Historical,easy to believe the word of God. And why was it easy for these Lamanite converts to believe? What happened to cause a people full of hatred and disbelief
,245,2010,2010,Francisco J. Vi√±as,Samuel (Historical),", which are pertaining to righteousness "" (1 Nephi 15:33). Samuel the Lamanite prophet taught that "" whosoever repenteth not is hewn down and cast into the fire"
,244,2011,2010,Dallin H. Oaks,Historical,"especially on what should be our ultimate desire, occurs in the experience of the Lamanite king being taught by the missionary Aaron. When Aaron's teaching caught his interest"
,240,2012,2010,L. Tom Perry,Historical,". (See Mosiah 1920.) When Limhi's people had their fill of Lamanite abuses, they convinced their king to go against the Lamanites in battle. Three"
,241,2012,2010,L. Tom Perry,Historical,"-- they worked out a plan which was successful, and they escaped from the Lamanite abuses. The Lord was slow to hear their cries. Why? Because of"
,242,2012,2010,Robert C. Gay,Historical,". "" 9 Yet, it was another wealthy but worldly man, the chief Lamanite king, the father of Lamoni, who also asked the same question about eternal"
,243,2012,2010,David A. Bednar,Samuel (Historical),of God. Conversion unto the Lord requires both persistence and patience. Samuel the Lamanite identified five basic elements in becoming converted unto the Lord: (1) believing
,238,2014,2010,D. Todd Christofferson,Historical,"prophesied birth of Jesus drew near, there were those among the ancient Nephite and Lamanite peoples who believed, though most doubted. In due course, the sign of"
,239,2014,2010,Linda K. Burton,Historical,"Moroni's greatest accomplishments was his careful preparation of the Nephites to withstand the frightening Lamanite army. He prepared his people so well that we read, "" Behold,"
,232,2015,2010,David A. Bednar,Historical,". In the land of Helam, Alma's people were frightened by an advancing Lamanite army. "" But Alma went forth and stood among them, and exhorted them"
,233,2015,2010,Richard J. Maynes,Historical,"of prison. During their journey they encountered Lamoni's father, who was the Lamanite king over all the land. The king was very upset that his son Lamoni"
,234,2015,2010,Richard J. Maynes,Historical,attended a great feast he had sponsored for his sons and his people. The Lamanite king was so upset that he commanded his son Lamoni to slay Ammon with his
,235,2015,2010,Richard J. Maynes,Historical,the Middoni prison. After his release he was inspired to travel to where the Lamanite king ruled over the land. Aaron was introduced to the king and had the
,236,2015,2010,Richard J. Maynes,Historical,", in contrast to giving up one-half his kingdom to spare his life, the Lamanite king was now willing to give up his entire kingdom that he might receive the"
,237,2015,2010,Richard J. Maynes,Historical,"are to find true joy and peace in this life. The examples of the Lamanite king; my wife, Nancy; and the Nephite people all support this true"
,231,2016,2010,Brian K. Ashton,Samuel (Historical),"far more about what God thinks of us. Second, repentance. Samuel the Lamanite taught, "" If ye believe on Christ's name ye will repent of all"
,229,2017,2010,M. Joseph Brough,Samuel (Historical),"and reinforces the common notion that wickedness might in fact be happiness. Samuel the Lamanite clearly countered this notion: "" Ye have sought for happiness in doing iniquity,"
,230,2017,2010,Ulisses Soares,Historical,"This was what enabled King Limhi's people to make a spectacular escape from their Lamanite captivity. Brothers and sisters, I invite you to place all of your trust"
,228,2018,2010,Neil L. Andersen,Samuel (Historical),"prophet, I promise you an added blessing of safety and peace. Samuel the Lamanite prophesies Don't be surprised if at times your personal views are not initially in"
,225,2019,2010,Ronald A. Rasband,Historical,"committed "" to preach the word of God. "" When Ammon was captured by Lamanite forces, he was taken before the Lamanite King Lamoni. He committed to the"
,226,2019,2010,Ronald A. Rasband,Historical,". "" When Ammon was captured by Lamanite forces, he was taken before the Lamanite King Lamoni. He committed to the king, "" I will be thy servant"
,227,2019,2010,Ulisses Soares,Samuel (Historical),"that the time was past for the fulfillment of the words spoken by Samuel the Lamanite, creating confusion among those who believed. We need to trust the Lord enough"
,255,2020,2020,Neil L. Andersen,Historical,"Those listening to the Apostle Peter "" were pricked in their hearts. "" The Lamanite woman Abish believed the "" remarkable vision of her father. "" And a voice"
,252,2021,2020,Christoffel Golden,Samuel (Historical),"Mormon, six years before the birth of Jesus Christ, Samuel, a righteous Lamanite, prophesied to a Nephite people, who by then had become mostly apostate,"
,253,2021,2020,Dale G. Renlund,Samuel (Historical),"Church of Jesus Christ. Samuel did not shy away from his heritage as a Lamanite, nor did Mormon shy away from his as a Nephite. But each put"
,254,2021,2020,Michael A. Dunn,Samuel (Historical),"statistics and targeting specific weaknesses. It's somewhat akin to the prophet Samuel the Lamanite's notion of "" walking circumspectly. "" This broader, more holistic view avoids"
,251,2023,2020,David A. Bednar,Samuel (Historical),"And I commend you. A statement in the Book of Mormon by Samuel the Lamanite best summarizes my feelings for you. "" Behold that the more part of them"
,247,2024,2020,D. Todd Christofferson,Historical,"to the Lamanites. Unsuccessful efforts had been made over many generations to bring the Lamanite people to a belief in the doctrine of Christ. This time, however,"
,248,2024,2020,D. Todd Christofferson,Historical,than looking to Christ and His salvation. The swords and other weapons that the Lamanite converts buried were weapons of rebellion because of how they had used them. Those
,249,2024,2020,D. Todd Christofferson,Historical,"He will even take away any desire for evil, as He did with those Lamanite converts of the past. Thereafter, we too "" never will fall away."
,250,2024,2020,David A. Bednar,Samuel (Historical),"boast in our own strength, and depend upon our own wisdom. Samuel the Lamanite succinctly summarized the turning away from God by the Nephites: "" Ye have sought"
,246,2025,2020,Andrea Mu√±oz Spannaus,Samuel (Historical),"dwelleth in flesh he shall be called the Son of God. "" Samuel the Lamanite also testified that Jesus Christ is "" the Son of God, the Father of"